id,first_name,last_name,email,gender,ip_address
1,Dione,Adrien,dadrien0@prlog.org,Female,16.176.218.18
2,Lesli,Dorr,ldorr1@meetup.com,Female,7.165.189.17
3,Davin,Badby,dbadby2@europa.eu,Male,108.210.189.94
4,Gradey,Iwanczyk,giwanczyk3@census.gov,Male,247.107.22.2
5,Palm,Woodson,pwoodson4@trellian.com,Male,105.215.255.126
6,Byrann,Lippiatt,blippiatt5@wikimedia.org,Male,75.220.105.88
7,Molli,Hearsey,mhearsey6@homestead.com,Female,147.188.217.173
8,Kirbie,Evert,kevert7@bandcamp.com,Female,64.189.86.4
9,Kanya,Knill,kknill8@irs.gov,Female,1.250.186.186
10,Georgina,Warman,gwarman9@phpbb.com,Female,159.43.182.53
11,Salim,Ambrois,sambroisa@tuttocitta.it,Male,192.43.107.71
12,Mala,Sherrin,msherrinb@hexun.com,Female,219.180.55.172
13,Barbee,Rea,breac@yandex.ru,Female,0.56.140.38
14,Fonzie,Vittet,fvittetd@amazon.de,Male,200.165.210.77
15,Zachariah,Smieton,zsmietone@nasa.gov,Male,171.41.160.68
16,Gustav,Smogur,gsmogurf@yellowbook.com,Male,190.248.166.225
17,Cam,Bendin,cbending@arizona.edu,Male,74.115.106.237
18,Correy,Lortzing,clortzingh@guardian.co.uk,Female,80.50.41.244
19,Taber,Toomer,ttoomeri@woothemes.com,Male,244.242.89.154
20,Hagan,Woodthorpe,hwoodthorpej@ibm.com,Male,121.244.219.131
21,Jolynn,Hubberstey,jhubbersteyk@mysql.com,Female,71.29.199.182
22,Crissie,Birley,cbirleyl@simplemachines.org,Female,183.56.152.207
23,Bucky,Melbury,bmelburym@sitemeter.com,Male,45.29.65.73
24,Miguela,Keri,mkerin@pen.io,Female,131.229.138.69
25,Delilah,Calcott,dcalcotto@nature.com,Female,32.217.70.159
26,Ibby,Haston,ihastonp@bloglines.com,Female,232.76.41.247
27,Shaine,Dobsons,sdobsonsq@yellowbook.com,Male,175.178.166.15
28,Osmund,Mobberley,omobberleyr@comcast.net,Male,177.44.133.105
29,Lindsy,Chezelle,lchezelles@google.com.au,Female,53.193.73.64
30,Oran,Tinkler,otinklert@seattletimes.com,Male,209.14.141.154
31,Siegfried,Sandham,ssandhamu@loc.gov,Male,146.29.43.54
32,Aldridge,Smedley,asmedleyv@ebay.com,Male,234.98.154.199
33,Hamilton,Woodberry,hwoodberryw@cafepress.com,Male,18.28.179.189
34,Nikola,Rennles,nrennlesx@eepurl.com,Male,43.40.223.3
35,Trevor,Paulillo,tpaulilloy@infoseek.co.jp,Male,244.152.22.140
36,Burnard,Lansdowne,blansdownez@wix.com,Male,169.129.141.82
37,Carly,Sherburn,csherburn10@nationalgeographic.com,Female,190.92.116.162
38,Hube,Poag,hpoag11@dell.com,Male,219.168.149.121
39,Tamar,Paddefield,tpaddefield12@auda.org.au,Female,239.44.39.122
40,Micky,Stangroom,mstangroom13@google.pl,Male,169.84.129.61
41,Hewe,Kidson,hkidson14@github.io,Male,43.193.255.241
42,Hurlee,Southerill,hsoutherill15@nature.com,Male,253.168.59.253
43,Koren,Stark,kstark16@homestead.com,Female,126.74.2.146
44,Urson,Querree,uquerree17@psu.edu,Male,75.201.205.149
45,Biddy,Bakes,bbakes18@123-reg.co.uk,Female,185.120.110.39
46,Maurise,Ansley,mansley19@youtu.be,Female,4.250.114.242
47,Rudd,Ocklin,rocklin1a@phpbb.com,Male,219.252.190.246
48,Kelly,Jaycox,kjaycox1b@discuz.net,Male,227.80.195.12
49,Joseito,M'Quharge,jmquharge1c@shinystat.com,Male,56.81.149.56
50,Myrlene,Gwinnett,mgwinnett1d@istockphoto.com,Female,62.118.211.194
51,Osbert,Goom,ogoom1e@1688.com,Male,253.189.95.39
52,Janaya,Dubber,jdubber1f@reuters.com,Female,182.191.103.68
53,Aymer,Ruppele,aruppele1g@wordpress.com,Male,138.168.134.138
54,Johna,Muldowney,jmuldowney1h@joomla.org,Female,98.247.238.134
55,Artus,Wrangle,awrangle1i@newsvine.com,Male,203.144.56.197
56,Nevil,Marskell,nmarskell1j@narod.ru,Male,126.222.151.55
57,Paul,Common,pcommon1k@edublogs.org,Male,158.166.188.245
58,Tracy,Jancey,tjancey1l@dell.com,Female,91.59.60.161
59,Aldon,Heephy,aheephy1m@java.com,Male,238.21.176.101
60,Bonnibelle,Duprey,bduprey1n@ustream.tv,Female,220.186.174.14
61,Kimmi,Bantham,kbantham1o@cbsnews.com,Female,25.48.53.43
62,Bobbie,Uttridge,buttridge1p@bloglines.com,Male,237.148.43.3
63,Yancy,Garroway,ygarroway1q@nature.com,Male,128.208.137.198
64,Roosevelt,Feasey,rfeasey1r@ucsd.edu,Male,173.99.214.107
65,Tamra,Maeer,tmaeer1s@twitter.com,Female,166.198.159.66
66,Ossie,Frandsen,ofrandsen1t@nationalgeographic.com,Male,10.42.59.137
67,Erhard,Gayther,egayther1u@bloglines.com,Male,108.206.228.255
68,Cale,Gaiger,cgaiger1v@ihg.com,Male,202.247.144.227
69,Ashby,Bracchi,abracchi1w@wikipedia.org,Male,80.222.154.157
70,Hew,Banishevitz,hbanishevitz1x@sogou.com,Male,222.198.171.18
71,Amii,Ruckledge,aruckledge1y@wunderground.com,Female,246.171.62.91
72,Mable,Garmey,mgarmey1z@privacy.gov.au,Female,249.72.37.111
73,Rosetta,Dooland,rdooland20@nhs.uk,Female,57.93.43.252
74,Allis,DelaField,adelafield21@google.co.uk,Female,69.37.142.91
75,Jerrine,Sent,jsent22@yellowbook.com,Female,121.41.51.62
76,Jocelyn,Chalcot,jchalcot23@furl.net,Female,173.145.161.220
77,Catie,Snead,csnead24@ftc.gov,Female,144.230.30.241
78,Amelina,Guerra,aguerra25@wp.com,Female,232.73.180.221
79,Eve,Geill,egeill26@state.tx.us,Female,253.164.189.14
80,Verla,Jann,vjann27@istockphoto.com,Female,255.243.49.57
81,Pamela,Fotitt,pfotitt28@drupal.org,Female,61.136.91.147
82,Garvin,Tarquinio,gtarquinio29@yandex.ru,Male,114.236.163.142
83,Mandel,Ivey,mivey2a@abc.net.au,Male,3.144.62.84
84,Klaus,Curuclis,kcuruclis2b@hubpages.com,Male,94.203.177.104
85,Kristal,McGiven,kmcgiven2c@behance.net,Female,185.232.238.151
86,Finn,Christofol,fchristofol2d@virginia.edu,Male,224.178.152.68
87,Celestia,Sales,csales2e@mlb.com,Female,68.109.17.88
88,Krystyna,Rennison,krennison2f@sogou.com,Female,63.1.238.7
89,Deeyn,Candey,dcandey2g@thetimes.co.uk,Female,87.99.34.80
90,Jorge,Burman,jburman2h@va.gov,Male,49.10.255.16
91,Wilmar,Tembridge,wtembridge2i@bizjournals.com,Male,203.221.246.239
92,Pierre,Wainwright,pwainwright2j@cyberchimps.com,Male,20.20.212.115
93,Maribeth,Wharram,mwharram2k@walmart.com,Female,234.227.136.186
94,Lexine,Barnby,lbarnby2l@reference.com,Female,176.81.82.222
95,Joy,Leverage,jleverage2m@shinystat.com,Female,10.209.100.229
96,Alphard,Groom,agroom2n@wired.com,Male,49.41.147.120
97,Nikola,Totton,ntotton2o@businessinsider.com,Male,192.180.139.243
98,Frederica,Tullett,ftullett2p@opensource.org,Female,180.183.207.99
99,Abramo,Baseley,abaseley2q@weebly.com,Male,49.189.181.18
100,Marcy,Leighton,mleighton2r@google.com.hk,Female,150.89.187.73
101,Fawnia,Cristea,fcristea2s@oakley.com,Female,244.174.107.31
102,Gaby,MacCarrick,gmaccarrick2t@simplemachines.org,Male,236.144.38.173
103,Derril,Hardistry,dhardistry2u@flickr.com,Male,240.77.24.125
104,Clarine,Boothe,cboothe2v@columbia.edu,Female,16.65.158.140
105,Derward,Dudill,ddudill2w@yahoo.co.jp,Male,153.206.185.13
106,Sanford,Lundberg,slundberg2x@netvibes.com,Male,65.149.61.206
107,Ulric,Letrange,uletrange2y@fotki.com,Male,103.86.151.236
108,Dyanne,Thurborn,dthurborn2z@weebly.com,Female,156.45.35.178
109,Sibyl,Eastope,seastope30@si.edu,Male,225.77.24.174
110,Cherilynn,Roddam,croddam31@biblegateway.com,Female,120.115.244.167
111,Rolf,Reach,rreach32@tripadvisor.com,Male,154.185.8.80
112,Mallory,Mussett,mmussett33@ebay.co.uk,Female,21.143.169.157
113,Dionisio,Seniour,dseniour34@opera.com,Male,187.143.146.193
114,Emmery,Djorevic,edjorevic35@google.com,Male,123.166.71.111
115,Nat,Reinisch,nreinisch36@163.com,Female,194.199.185.51
116,Bibby,Lipscombe,blipscombe37@senate.gov,Female,218.206.254.105
117,Kristina,Millery,kmillery38@hhs.gov,Female,21.131.174.253
118,Danica,Towler,dtowler39@jugem.jp,Female,175.4.133.100
119,Deny,Leindecker,dleindecker3a@seattletimes.com,Female,29.142.57.110
120,Hamish,Kenzie,hkenzie3b@123-reg.co.uk,Male,234.94.118.172
121,Wilone,Kemer,wkemer3c@sourceforge.net,Female,20.4.197.38
122,Melosa,Yoell,myoell3d@vistaprint.com,Female,139.149.181.66
123,Rutherford,Sheldrick,rsheldrick3e@prlog.org,Male,18.120.126.223
124,Kasey,Springthorpe,kspringthorpe3f@ted.com,Female,58.65.182.101
125,Rees,Witcherley,rwitcherley3g@nih.gov,Male,204.147.122.254
126,Abigael,Micco,amicco3h@addthis.com,Female,252.242.93.26
127,Lynette,Crackel,lcrackel3i@ted.com,Female,212.98.136.73
128,Christabella,Taffarello,ctaffarello3j@bloomberg.com,Female,20.143.184.88
129,Samara,Elgy,selgy3k@naver.com,Female,175.251.89.249
130,Minnnie,Pillans,mpillans3l@merriam-webster.com,Female,123.229.237.0
131,Cobbie,Finan,cfinan3m@topsy.com,Male,87.106.233.17
132,Hailee,Fillgate,hfillgate3n@elpais.com,Female,209.28.73.207
133,Cristian,Brundle,cbrundle3o@fc2.com,Male,141.135.137.205
134,Marci,Audsley,maudsley3p@samsung.com,Female,223.166.233.80
135,Maria,Hinkes,mhinkes3q@printfriendly.com,Female,87.64.190.54
136,Wallie,Killelea,wkillelea3r@businessweek.com,Female,203.81.222.179
137,Tuckie,Simmell,tsimmell3s@google.ca,Male,219.182.39.29
138,Piggy,Laurisch,plaurisch3t@a8.net,Male,246.27.206.176
139,Hugues,Halloran,hhalloran3u@mapquest.com,Male,8.113.193.131
140,Brucie,McAdam,bmcadam3v@flavors.me,Male,190.35.142.103
141,Shanna,Domegan,sdomegan3w@devhub.com,Female,215.182.133.234
142,Angelico,Monteath,amonteath3x@google.nl,Male,220.26.11.191
143,Forbes,Rigby,frigby3y@mit.edu,Male,178.192.72.210
144,Marcos,Burwin,mburwin3z@cyberchimps.com,Male,97.98.24.63
145,Conan,Lindwasser,clindwasser40@123-reg.co.uk,Male,16.58.86.112
146,Ettore,Wellard,ewellard41@rambler.ru,Male,24.58.244.40
147,Tiffany,Silkston,tsilkston42@wunderground.com,Female,211.24.32.121
148,Meir,Francomb,mfrancomb43@japanpost.jp,Male,106.169.48.99
149,Melamie,Rowden,mrowden44@blinklist.com,Female,152.4.158.143
150,Grantham,Piperley,gpiperley45@t-online.de,Male,240.52.55.157
151,Romonda,Gouthier,rgouthier46@soundcloud.com,Female,86.128.28.79
152,Ardyce,Bell,abell47@prlog.org,Female,78.143.154.121
153,Heloise,Pollak,hpollak48@icio.us,Female,17.226.122.58
154,Hebert,Daley,hdaley49@yale.edu,Male,83.65.163.6
155,Bowie,Gillis,bgillis4a@comsenz.com,Male,222.36.9.106
156,Cobbie,Mosby,cmosby4b@illinois.edu,Male,25.146.46.28
157,Cornie,Hunston,chunston4c@bloomberg.com,Female,142.93.92.251
158,Peder,Shurlock,pshurlock4d@flickr.com,Male,83.58.209.117
159,Jacquelynn,Littleover,jlittleover4e@yahoo.com,Female,197.232.0.93
160,Esteban,Feechan,efeechan4f@icio.us,Male,15.59.210.36
161,Chico,Orneles,corneles4g@economist.com,Male,169.34.185.164
162,Gayel,Artrick,gartrick4h@indiegogo.com,Female,37.107.234.173
163,Darrel,Burker,dburker4i@purevolume.com,Male,60.117.16.110
164,Web,Crafter,wcrafter4j@ifeng.com,Male,143.14.60.98
165,Talia,Tatnell,ttatnell4k@uiuc.edu,Female,148.38.84.178
166,Linet,Dutch,ldutch4l@wsj.com,Female,203.73.217.255
167,Faina,Gouldthorp,fgouldthorp4m@bizjournals.com,Female,126.229.202.155
168,Ettie,Rea,erea4n@theatlantic.com,Female,117.204.52.10
169,Charmain,Sapey,csapey4o@gnu.org,Female,44.198.241.122
170,Nissa,De la Yglesias,ndelayglesias4p@multiply.com,Female,154.53.157.56
171,Chloe,Cocklin,ccocklin4q@tamu.edu,Female,138.126.15.33
172,Udell,Joiner,ujoiner4r@mashable.com,Male,31.76.212.160
173,Antoinette,Dowber,adowber4s@baidu.com,Female,145.94.159.194
174,Kellen,Sharpus,ksharpus4t@nasa.gov,Female,77.212.136.192
175,Had,Shropsheir,hshropsheir4u@live.com,Male,132.206.226.194
176,Pacorro,Brahm,pbrahm4v@posterous.com,Male,89.12.25.115
177,Morgun,Crust,mcrust4w@smh.com.au,Male,193.248.92.175
178,Jere,Cobbing,jcobbing4x@cam.ac.uk,Male,167.105.110.255
179,Andriana,Swetman,aswetman4y@slideshare.net,Female,185.20.94.236
180,Christye,Bastin,cbastin4z@cnet.com,Female,167.55.125.205
181,Dalenna,Klimsch,dklimsch50@pen.io,Female,141.4.39.226
182,Lilia,Luce,lluce51@toplist.cz,Female,92.40.108.147
183,Leonie,Izzat,lizzat52@chron.com,Female,209.142.237.180
184,Chiquita,Plomer,cplomer53@yelp.com,Female,95.134.34.236
185,Bettye,Heggs,bheggs54@discovery.com,Female,213.239.113.86
186,Flss,Andreoletti,fandreoletti55@pagesperso-orange.fr,Female,62.126.230.61
187,Nonie,McGavigan,nmcgavigan56@washingtonpost.com,Female,203.164.145.127
188,Sarene,Blundan,sblundan57@github.io,Female,246.141.196.241
189,Lannie,Stratz,lstratz58@about.me,Male,67.205.159.55
190,Vikky,Cordall,vcordall59@bbc.co.uk,Female,162.100.165.247
191,Vincents,Croutear,vcroutear5a@smugmug.com,Male,109.126.42.191
192,Joanna,Gippes,jgippes5b@fema.gov,Female,70.254.29.176
193,Adriena,Daile,adaile5c@globo.com,Female,70.46.28.121
194,Kennedy,Hambidge,khambidge5d@bing.com,Male,85.20.198.134
195,Amby,McGuffie,amcguffie5e@pcworld.com,Male,79.113.47.221
196,Celle,Meeny,cmeeny5f@feedburner.com,Female,234.101.220.171
197,Gina,Moulsdall,gmoulsdall5g@nba.com,Female,211.13.180.58
198,Lira,Larvin,llarvin5h@acquirethisname.com,Female,197.122.29.146
199,Godfrey,Castiglione,gcastiglione5i@japanpost.jp,Male,213.149.104.78
200,Rawley,Bonds,rbonds5j@storify.com,Male,216.229.52.164
201,Vidovic,Crehan,vcrehan5k@bloomberg.com,Male,194.249.75.15
202,Else,Quilleash,equilleash5l@macromedia.com,Female,34.190.7.181
203,Estell,Todarello,etodarello5m@webnode.com,Female,153.174.87.54
204,Humphrey,Kearford,hkearford5n@histats.com,Male,48.245.222.165
205,Silvio,Andryunin,sandryunin5o@unblog.fr,Male,220.197.77.111
206,Therine,Charles,tcharles5p@squarespace.com,Female,226.48.181.78
207,Mart,Sellwood,msellwood5q@blogspot.com,Male,143.240.196.71
208,Eleni,Pinson,epinson5r@eepurl.com,Female,237.236.45.77
209,Bay,Pengelley,bpengelley5s@wikimedia.org,Male,186.90.201.127
210,Zonda,Gateshill,zgateshill5t@globo.com,Female,109.69.121.180
211,Hortense,Magson,hmagson5u@baidu.com,Female,255.184.0.19
212,Hyacinthia,Albone,halbone5v@trellian.com,Female,193.10.246.94
213,Modesty,Corson,mcorson5w@ucsd.edu,Female,55.8.164.121
214,Davy,Coggon,dcoggon5x@tripadvisor.com,Male,38.180.180.248
215,Faythe,Carbonell,fcarbonell5y@nymag.com,Female,197.247.24.131
216,Devland,Workes,dworkes5z@ftc.gov,Male,173.202.198.112
217,Richy,Koche,rkoche60@craigslist.org,Male,43.229.16.46
218,Sammy,Ringrose,sringrose61@themeforest.net,Female,166.59.185.182
219,Carlin,Benettolo,cbenettolo62@tinyurl.com,Female,239.18.163.207
220,Bartolemo,Rosenbusch,brosenbusch63@pbs.org,Male,135.46.178.146
221,Heriberto,Hundy,hhundy64@jiathis.com,Male,52.11.210.111
222,Lanny,Luckett,lluckett65@webmd.com,Female,143.50.132.132
223,Meredith,Sorro,msorro66@studiopress.com,Female,247.31.205.92
224,Cos,Dmych,cdmych67@utexas.edu,Male,179.74.107.79
225,Cherin,McErlaine,cmcerlaine68@dion.ne.jp,Female,15.25.89.236
226,Willis,Shorto,wshorto69@mozilla.com,Male,123.160.96.68
227,Earle,MacVay,emacvay6a@deviantart.com,Male,171.160.201.87
228,Bette,Yankeev,byankeev6b@hao123.com,Female,254.194.153.52
229,Nolly,Leveret,nleveret6c@indiegogo.com,Male,14.232.249.252
230,Ignace,Fidoe,ifidoe6d@ox.ac.uk,Male,130.70.6.216
231,Gilli,O'Rudden,gorudden6e@joomla.org,Female,2.229.162.15
232,Ede,Coddrington,ecoddrington6f@lulu.com,Female,248.14.203.153
233,Daryl,Pugh,dpugh6g@usa.gov,Female,155.235.27.44
234,Bevvy,McCool,bmccool6h@yahoo.com,Female,99.255.120.1
235,Elden,Dondon,edondon6i@csmonitor.com,Male,157.230.149.112
236,Jon,McRonald,jmcronald6j@gmpg.org,Male,4.181.110.63
237,Kristyn,Marlin,kmarlin6k@blogspot.com,Female,40.161.122.118
238,Iona,Van't Hoff,ivanthoff6l@auda.org.au,Female,190.207.26.123
239,Allie,Terbrug,aterbrug6m@nasa.gov,Male,91.116.11.16
240,Noni,Seth,nseth6n@bbb.org,Female,156.70.231.202
241,Ario,Le - Count,alecount6o@wired.com,Male,21.195.23.43
242,Faustine,Burr,fburr6p@multiply.com,Female,80.152.214.185
243,Helena,Bauduccio,hbauduccio6q@list-manage.com,Female,85.183.173.181
244,Allissa,Bretland,abretland6r@census.gov,Female,21.83.214.64
245,Nelie,Skitteral,nskitteral6s@time.com,Female,198.28.1.146
246,Dorothee,Gerok,dgerok6t@discuz.net,Female,143.103.115.33
247,Jake,Delacote,jdelacote6u@goodreads.com,Male,181.100.224.96
248,Oswell,Godbald,ogodbald6v@moonfruit.com,Male,180.75.75.41
249,Nonah,McCaughen,nmccaughen6w@1und1.de,Female,133.236.80.79
250,Jacinda,Eat,jeat6x@ibm.com,Female,3.211.120.253
251,Waiter,Petkov,wpetkov6y@walmart.com,Male,114.64.124.42
252,Trace,Ferrers,tferrers6z@reverbnation.com,Male,187.92.54.237
253,Ernesta,Rigbye,erigbye70@nydailynews.com,Female,223.29.178.142
254,Melva,Borne,mborne71@w3.org,Female,129.114.65.51
255,Dare,Lapslie,dlapslie72@state.tx.us,Male,74.242.224.133
256,Emmeline,Ivashchenko,eivashchenko73@1und1.de,Female,171.16.231.153
257,Derril,Mugg,dmugg74@statcounter.com,Male,133.3.182.69
258,Lorinda,Upstell,lupstell75@meetup.com,Female,1.4.140.90
259,Vale,Halling,vhalling76@prnewswire.com,Male,82.247.221.251
260,Fiann,Franzke,ffranzke77@senate.gov,Female,217.163.6.79
261,Claudie,Palister,cpalister78@themeforest.net,Female,141.95.81.100
262,Kristyn,Edworthie,kedworthie79@example.com,Female,15.195.142.5
263,Malia,Canto,mcanto7a@amazon.co.uk,Female,24.175.7.41
264,Uta,Ionn,uionn7b@answers.com,Female,26.24.74.174
265,Tanny,Sharpin,tsharpin7c@deviantart.com,Male,63.194.161.245
266,Laurie,Olyonov,lolyonov7d@mtv.com,Male,10.144.177.63
267,Carlos,Gorick,cgorick7e@wikia.com,Male,215.88.35.114
268,Gustie,Beeken,gbeeken7f@desdev.cn,Female,214.221.239.14
269,Currey,Edmonds,cedmonds7g@odnoklassniki.ru,Male,250.137.94.174
270,Tabor,McRinn,tmcrinn7h@acquirethisname.com,Male,102.185.180.200
271,Gabriello,Yerbury,gyerbury7i@weebly.com,Male,57.126.95.173
272,Jamison,Mapstone,jmapstone7j@timesonline.co.uk,Male,60.206.92.27
273,Cassy,Goneau,cgoneau7k@google.cn,Female,13.223.198.56
274,Ban,Haborn,bhaborn7l@cornell.edu,Male,20.157.120.140
275,Hieronymus,Dedrick,hdedrick7m@twitter.com,Male,7.95.166.194
276,Trueman,Enser,tenser7n@aboutads.info,Male,117.106.32.228
277,Terri,Sharrock,tsharrock7o@sina.com.cn,Male,224.83.33.134
278,Ulises,Dakhno,udakhno7p@webmd.com,Male,44.40.20.175
279,Maribel,Lidden,mlidden7q@phoca.cz,Female,59.6.82.123
280,Rufe,Benley,rbenley7r@mapy.cz,Male,210.14.3.5
281,Nevin,Gimber,ngimber7s@google.com.au,Male,31.148.27.203
282,Rennie,Mandres,rmandres7t@ifeng.com,Female,20.18.159.129
283,Beale,Benting,bbenting7u@github.io,Male,150.162.255.6
284,Katleen,Speir,kspeir7v@topsy.com,Female,55.119.199.105
285,Ramon,Challenor,rchallenor7w@cbc.ca,Male,59.214.6.51
286,Fax,Dennant,fdennant7x@microsoft.com,Male,1.160.225.153
287,Neila,McGrah,nmcgrah7y@is.gd,Female,160.172.41.185
288,Whitby,Eddis,weddis7z@un.org,Male,116.64.209.43
289,Ava,Josselson,ajosselson80@prnewswire.com,Female,151.85.74.62
290,Nari,Enion,nenion81@amazon.co.jp,Female,59.248.104.174
291,Ashby,Ginsie,aginsie82@fotki.com,Male,122.82.174.99
292,Haven,McTrustrie,hmctrustrie83@intel.com,Male,185.4.254.6
293,Emelina,Salling,esalling84@ask.com,Female,204.15.200.27
294,Garret,Tock,gtock85@odnoklassniki.ru,Male,130.66.192.237
295,Simone,Banfill,sbanfill86@businessinsider.com,Female,58.222.207.0
296,Frederic,Thickpenny,fthickpenny87@jigsy.com,Male,13.58.104.229
297,York,Robshaw,yrobshaw88@mapquest.com,Male,97.133.202.127
298,Patty,Shipperbottom,pshipperbottom89@taobao.com,Male,65.121.185.227
299,Mordecai,Bowie,mbowie8a@ameblo.jp,Male,121.152.173.163
300,Ettie,Stripling,estripling8b@twitpic.com,Female,94.89.94.106
301,Hilary,Regglar,hregglar8c@netvibes.com,Male,63.171.186.228
302,Hort,Fortescue,hfortescue8d@list-manage.com,Male,232.251.14.118
303,Blakelee,Durbridge,bdurbridge8e@house.gov,Female,203.81.57.51
304,Bianka,Farriar,bfarriar8f@accuweather.com,Female,191.247.221.31
305,Natty,Alsina,nalsina8g@tripadvisor.com,Male,60.164.219.172
306,Karney,Underhill,kunderhill8h@ocn.ne.jp,Male,121.226.159.58
307,Ashia,Borthwick,aborthwick8i@go.com,Female,193.176.70.163
308,Giraldo,Matteini,gmatteini8j@hao123.com,Male,38.0.135.245
309,Bogey,Ivanenko,bivanenko8k@123-reg.co.uk,Male,38.30.48.248
310,Alfie,Borthwick,aborthwick8l@soundcloud.com,Female,204.237.107.211
311,Elna,Worters,eworters8m@people.com.cn,Female,188.14.170.165
312,Dacie,Pedrozzi,dpedrozzi8n@mysql.com,Female,113.195.19.216
313,Taffy,Toma,ttoma8o@yahoo.co.jp,Female,97.45.130.174
314,Saundra,Loraine,sloraine8p@google.it,Female,194.20.248.22
315,Padgett,Greetland,pgreetland8q@is.gd,Male,2.181.138.141
316,Stevie,Lingley,slingley8r@scientificamerican.com,Male,186.21.68.133
317,Marian,Doley,mdoley8s@quantcast.com,Female,87.70.75.17
318,Suzy,Platt,splatt8t@cargocollective.com,Female,99.4.45.175
319,Maris,Younge,myounge8u@msn.com,Female,167.131.34.8
320,Rickert,Husby,rhusby8v@china.com.cn,Male,238.111.254.48
321,Jocelyn,Malek,jmalek8w@boston.com,Female,244.147.212.205
322,Hilario,Brecknock,hbrecknock8x@loc.gov,Male,163.131.66.128
323,Normand,Seers,nseers8y@walmart.com,Male,224.93.76.30
324,Bent,Needham,bneedham8z@home.pl,Male,152.82.166.47
325,Thomasin,Emptage,temptage90@topsy.com,Female,253.203.28.22
326,Frank,Kopecka,fkopecka91@biblegateway.com,Male,68.76.45.176
327,Taryn,Cornbell,tcornbell92@sciencedirect.com,Female,254.40.70.58
328,Weston,Kunzelmann,wkunzelmann93@seattletimes.com,Male,47.183.52.241
329,Renaud,Syder,rsyder94@forbes.com,Male,189.21.133.158
330,Irvin,Ropp,iropp95@apache.org,Male,235.65.33.147
331,Heida,Janko,hjanko96@live.com,Female,233.93.94.129
332,Henrieta,McLaughlin,hmclaughlin97@youtube.com,Female,231.79.13.30
333,Early,Moncarr,emoncarr98@economist.com,Male,52.165.2.255
334,Marylinda,Barles,mbarles99@goodreads.com,Female,65.103.145.162
335,Reynard,Mew,rmew9a@cbc.ca,Male,82.150.150.179
336,Gaby,Tenaunt,gtenaunt9b@google.ru,Male,161.170.27.242
337,Dela,Jemison,djemison9c@apple.com,Female,178.40.30.2
338,Jobyna,Petegrew,jpetegrew9d@un.org,Female,242.191.196.209
339,Peirce,Brimmell,pbrimmell9e@answers.com,Male,181.219.61.140
340,Elston,Farey,efarey9f@imdb.com,Male,181.41.158.247
341,Karly,Quinsee,kquinsee9g@ow.ly,Female,112.57.223.169
342,Kaycee,Lapthorn,klapthorn9h@java.com,Female,85.183.80.18
343,Fawnia,Hinsche,fhinsche9i@angelfire.com,Female,249.219.3.38
344,Batholomew,Thornthwaite,bthornthwaite9j@businessinsider.com,Male,163.18.200.139
345,Merrile,Willard,mwillard9k@free.fr,Female,71.103.16.59
346,Violette,Clayfield,vclayfield9l@geocities.com,Female,146.2.2.122
347,Darlene,Barrus,dbarrus9m@tamu.edu,Female,246.111.62.151
348,Gerianne,De Maria,gdemaria9n@fc2.com,Female,8.198.95.100
349,Brina,Quarry,bquarry9o@ucoz.com,Female,73.106.212.151
350,Patsy,Missenden,pmissenden9p@census.gov,Female,66.170.47.50
351,Prisca,Smouten,psmouten9q@foxnews.com,Female,140.142.64.22
352,Tam,Staddom,tstaddom9r@photobucket.com,Male,179.228.147.221
353,Rubetta,Whordley,rwhordley9s@google.ca,Female,227.133.98.228
354,Thor,Ast,tast9t@multiply.com,Male,101.19.155.168
355,Nickey,Gamil,ngamil9u@china.com.cn,Male,143.103.178.187
356,Rubie,Sineath,rsineath9v@qq.com,Female,232.109.116.86
357,Melvin,Keeling,mkeeling9w@youtu.be,Male,225.167.230.68
358,Marji,Jorioz,mjorioz9x@arstechnica.com,Female,201.230.18.63
359,Joby,Coulsen,jcoulsen9y@symantec.com,Female,93.253.76.31
360,Rupert,Dyment,rdyment9z@microsoft.com,Male,40.186.182.99
361,Bink,Reichhardt,breichhardta0@ustream.tv,Male,27.168.112.47
362,Katharine,Harvett,kharvetta1@intel.com,Female,178.218.56.232
363,Conroy,Jenne,cjennea2@upenn.edu,Male,188.112.96.211
364,Paolo,Habbeshaw,phabbeshawa3@tamu.edu,Male,191.155.220.181
365,Kristopher,Watton,kwattona4@apache.org,Male,143.142.230.236
366,Pietro,Dautry,pdautrya5@craigslist.org,Male,171.207.183.224
367,Jessamyn,Shutte,jshuttea6@wired.com,Female,4.143.168.46
368,Sergent,Permain,spermaina7@posterous.com,Male,45.68.164.89
369,Cornie,Lamlin,clamlina8@hud.gov,Male,212.128.48.187
370,Reube,Osmund,rosmunda9@amazon.co.uk,Male,110.119.223.245
371,Lorilee,Tukesby,ltukesbyaa@constantcontact.com,Female,198.190.113.171
372,Valma,Bamlett,vbamlettab@newsvine.com,Female,7.42.175.89
373,Allie,Kearsley,akearsleyac@stumbleupon.com,Male,147.254.216.215
374,Frederick,Voff,fvoffad@cbc.ca,Male,67.13.6.101
375,Stacey,Stoggles,sstogglesae@shinystat.com,Female,219.156.246.215
376,Griffie,Covington,gcovingtonaf@merriam-webster.com,Male,96.82.158.78
377,Sergeant,Topliss,stoplissag@washingtonpost.com,Male,41.144.67.246
378,Yale,Abrahamovitz,yabrahamovitzah@ow.ly,Male,111.70.202.72
379,Gennie,Ewence,gewenceai@scientificamerican.com,Female,210.170.82.23
380,Clem,Overel,coverelaj@patch.com,Female,0.241.149.12
381,Reggie,Guppie,rguppieak@list-manage.com,Male,36.13.56.116
382,Devina,Kiehl,dkiehlal@e-recht24.de,Female,98.226.107.255
383,Gasper,Boughen,gboughenam@paypal.com,Male,242.53.117.46
384,Ezmeralda,Pegden,epegdenan@discovery.com,Female,53.187.126.57
385,Torrin,Longmuir,tlongmuirao@weibo.com,Male,30.155.39.162
386,Erskine,Yurevich,eyurevichap@noaa.gov,Male,63.196.114.164
387,Ollie,Brabben,obrabbenaq@admin.ch,Male,19.224.215.187
388,Lawry,Nielson,lnielsonar@desdev.cn,Male,14.61.251.211
389,Patrizio,Bank,pbankas@slate.com,Male,163.61.84.24
390,Celestyn,Gilardoni,cgilardoniat@mit.edu,Female,189.31.17.190
391,Anderea,Waker,awakerau@lulu.com,Female,131.8.43.14
392,Batsheva,Mitham,bmithamav@4shared.com,Female,20.78.164.235
393,Sabrina,Wickerson,swickersonaw@intel.com,Female,157.51.179.200
394,Kelcy,Impleton,kimpletonax@tmall.com,Female,242.101.52.219
395,Rutledge,MacAlees,rmacaleesay@drupal.org,Male,77.160.5.53
396,Hadley,Poxson,hpoxsonaz@blog.com,Male,77.251.202.150
397,Delphinia,Tomczykowski,dtomczykowskib0@mayoclinic.com,Female,32.238.129.32
398,Tiffani,Pues,tpuesb1@unc.edu,Female,113.145.91.145
399,Faustine,Hawksley,fhawksleyb2@istockphoto.com,Female,190.138.134.163
400,Turner,Skrines,tskrinesb3@who.int,Male,146.57.2.160
401,Cecelia,Keighley,ckeighleyb4@vk.com,Female,212.36.157.104
402,Kippy,Delepine,kdelepineb5@vk.com,Male,182.62.134.59
403,Hendrik,Derbyshire,hderbyshireb6@salon.com,Male,127.110.219.87
404,Garv,McIlvenna,gmcilvennab7@tuttocitta.it,Male,104.86.78.144
405,Garrik,Macguire,gmacguireb8@fda.gov,Male,236.14.90.225
406,Blinni,Rosier,brosierb9@nhs.uk,Female,7.119.230.166
407,Jessamyn,Molen,jmolenba@ed.gov,Female,137.166.124.155
408,Norrie,Bilsborrow,nbilsborrowbb@blog.com,Male,193.249.18.159
409,Garold,McFade,gmcfadebc@earthlink.net,Male,53.209.117.33
410,Vally,Verbeke,vverbekebd@ed.gov,Female,156.46.158.219
411,Sammy,Bocking,sbockingbe@bbc.co.uk,Female,253.53.51.180
412,Gustaf,Drewery,gdrewerybf@github.com,Male,144.57.206.44
413,Elianora,Pryor,epryorbg@360.cn,Female,23.213.118.163
414,Maryann,Goodliff,mgoodliffbh@gov.uk,Female,231.37.192.147
415,Muhammad,De Winton,mdewintonbi@cdc.gov,Male,95.117.173.32
416,Friedrick,Essberger,fessbergerbj@dion.ne.jp,Male,107.50.48.56
417,Laurice,Mager,lmagerbk@ustream.tv,Female,102.85.129.203
418,Antin,Rout,aroutbl@indiatimes.com,Male,1.239.198.172
419,Goldarina,Blasli,gblaslibm@plala.or.jp,Female,197.185.132.181
420,Burty,Gredden,bgreddenbn@shareasale.com,Male,164.31.45.90
421,Cassandry,Banasiak,cbanasiakbo@usnews.com,Female,23.179.142.74
422,Krystalle,McFater,kmcfaterbp@lycos.com,Female,114.230.20.138
423,Amata,Tuberfield,atuberfieldbq@intel.com,Female,124.19.103.75
424,Norbie,Kevern,nkevernbr@timesonline.co.uk,Male,76.8.128.126
425,Ardath,McElwee,amcelweebs@plala.or.jp,Female,228.234.25.67
426,Westley,Maynell,wmaynellbt@sina.com.cn,Male,196.50.237.86
427,Si,Matussow,smatussowbu@google.pl,Male,110.215.144.252
428,Lorraine,Von Gladbach,lvongladbachbv@studiopress.com,Female,69.60.15.5
429,Licha,Guillem,lguillembw@army.mil,Female,65.145.15.82
430,Alfi,Bredes,abredesbx@vinaora.com,Female,2.37.216.129
431,Nanci,Smetoun,nsmetounby@earthlink.net,Female,242.131.129.76
432,Baxie,Cakebread,bcakebreadbz@deviantart.com,Male,113.127.183.199
433,Isaiah,Heyns,iheynsc0@vkontakte.ru,Male,170.173.5.192
434,Nani,Ferrettino,nferrettinoc1@acquirethisname.com,Female,74.137.80.92
435,Joella,Freiburger,jfreiburgerc2@jigsy.com,Female,20.126.52.110
436,Tommi,Vaissiere,tvaissierec3@usgs.gov,Female,208.169.121.28
437,Eal,Lillyman,elillymanc4@epa.gov,Male,155.128.102.18
438,Jacquelynn,Bartalin,jbartalinc5@php.net,Female,241.52.244.86
439,Pierre,Morrid,pmorridc6@shutterfly.com,Male,60.39.245.161
440,Gardie,Clew,gclewc7@github.io,Male,117.211.46.126
441,Sari,De Haven,sdehavenc8@pbs.org,Female,80.183.120.228
442,Rozalie,McGannon,rmcgannonc9@ucla.edu,Female,158.238.15.45
443,Dulciana,Aslett,daslettca@barnesandnoble.com,Female,236.249.32.31
444,Francene,Giovani,fgiovanicb@webs.com,Female,236.35.83.38
445,Hunfredo,Chastan,hchastancc@ox.ac.uk,Male,62.140.182.199
446,Coretta,Marcussen,cmarcussencd@ovh.net,Female,227.255.141.178
447,Nelli,Mathely,nmathelyce@webs.com,Female,163.11.43.248
448,Peirce,Blaschek,pblaschekcf@histats.com,Male,254.72.36.163
449,Ruthann,Corwood,rcorwoodcg@msn.com,Female,103.202.61.127
450,Eula,Gabbatiss,egabbatissch@arstechnica.com,Female,23.225.78.8
451,Jonell,Frontczak,jfrontczakci@pagesperso-orange.fr,Female,1.15.228.250
452,Tad,Denisot,tdenisotcj@uiuc.edu,Male,206.107.234.145
453,Karon,Stocking,kstockingck@nyu.edu,Female,127.154.191.195
454,Vivyan,Johnsey,vjohnseycl@google.com.au,Female,143.78.206.195
455,Gerry,Gini,gginicm@barnesandnoble.com,Male,207.104.225.167
456,Letta,Ransom,lransomcn@gov.uk,Female,215.89.49.110
457,Brendin,Brearton,bbreartonco@about.com,Male,28.11.164.135
458,Saunder,Lautie,slautiecp@goo.ne.jp,Male,216.198.37.180
459,Kimberly,Highnam,khighnamcq@shutterfly.com,Female,236.151.163.243
460,Vanny,Bunworth,vbunworthcr@blinklist.com,Female,170.75.227.124
461,Giordano,Paternoster,gpaternostercs@blogspot.com,Male,217.39.175.228
462,Valentin,Alsop,valsopct@chron.com,Male,116.55.197.58
463,Gabe,Robard,grobardcu@gnu.org,Male,23.27.76.43
464,Frazer,Demchen,fdemchencv@list-manage.com,Male,89.87.52.87
465,Elizabeth,Jeanet,ejeanetcw@ihg.com,Female,117.70.28.244
466,Ruggiero,Greest,rgreestcx@list-manage.com,Male,191.230.50.168
467,Cyrille,Salman,csalmancy@nba.com,Male,174.241.84.104
468,Karlik,Westell,kwestellcz@vkontakte.ru,Male,186.195.165.105
469,Torrance,Ales0,talesd0@dmoz.org,Male,95.5.135.31
470,Ives,Reece,ireeced1@prlog.org,Male,69.85.137.55
471,Fayette,Portis,fportisd2@vistaprint.com,Female,250.252.53.255
472,Tobiah,Ferrarin,tferrarind3@cbslocal.com,Male,254.5.244.58
473,Eduardo,Andryushin,eandryushind4@ning.com,Male,59.217.193.98
474,Halsey,Joanaud,hjoanaudd5@buzzfeed.com,Male,194.40.79.187
475,Demetra,Ovitts,dovittsd6@homestead.com,Female,225.185.253.243
476,Josiah,Moreby,jmorebyd7@symantec.com,Male,8.154.43.72
477,Aguistin,Hulks,ahulksd8@clickbank.net,Male,181.4.99.27
478,Aubert,Maw,amawd9@etsy.com,Male,210.64.71.2
479,Gareth,Bellhouse,gbellhouseda@eventbrite.com,Male,230.211.110.164
480,Conant,Mabey,cmabeydb@dailymotion.com,Male,157.106.56.248
481,Fin,Amesbury,famesburydc@usa.gov,Male,38.230.6.33
482,Norah,Stratten,nstrattendd@ovh.net,Female,221.199.206.148
483,Lorrin,Culshew,lculshewde@nps.gov,Female,127.71.217.49
484,Ranice,Nicholas,rnicholasdf@bandcamp.com,Female,246.99.231.178
485,Patrizius,Cotesford,pcotesforddg@phpbb.com,Male,54.56.189.102
486,Morgun,Rushford,mrushforddh@wordpress.com,Male,144.61.26.139
487,Cordi,Miners,cminersdi@google.com.au,Female,55.56.184.64
488,Vidovik,Trask,vtraskdj@state.tx.us,Male,89.145.229.221
489,Reinald,Copper,rcopperdk@goodreads.com,Male,157.5.253.164
490,Midge,Townsend,mtownsenddl@goodreads.com,Female,201.199.84.37
491,Melissa,Sizzey,msizzeydm@fema.gov,Female,143.17.100.108
492,Dacey,Handforth,dhandforthdn@usa.gov,Female,89.253.99.102
493,Jarrad,Hardern,jharderndo@freewebs.com,Male,53.235.60.8
494,Matteo,Bevis,mbevisdp@dedecms.com,Male,172.118.181.240
495,Pacorro,Murdy,pmurdydq@networkadvertising.org,Male,178.186.92.236
496,Creigh,Niccols,cniccolsdr@google.es,Male,55.110.231.36
497,Guglielmo,Renneke,grennekeds@w3.org,Male,254.148.48.78
498,Hayes,Veld,hvelddt@delicious.com,Male,213.67.127.57
499,Doll,Swinburne,dswinburnedu@go.com,Female,217.252.58.167
500,Ruthy,Szimon,rszimondv@timesonline.co.uk,Female,248.50.42.63
501,Sunshine,Hillborne,shillbornedw@ask.com,Female,71.86.55.22
502,Stanwood,Tipple,stippledx@arizona.edu,Male,89.205.78.15
503,Loy,Norrie,lnorriedy@mac.com,Male,68.198.91.242
504,Pepito,Nussey,pnusseydz@shop-pro.jp,Male,195.166.209.187
505,Caprice,Waye,cwayee0@samsung.com,Female,83.109.163.164
506,Jethro,Rusk,jruske1@nyu.edu,Male,141.93.201.228
507,Lavinie,Rotherforth,lrotherforthe2@so-net.ne.jp,Female,175.11.138.2
508,Mauricio,Pennoni,mpennonie3@hc360.com,Male,3.42.97.223
509,Farr,Brotherhood,fbrotherhoode4@slate.com,Male,227.67.196.175
510,Alexandrina,Zecchi,azecchie5@exblog.jp,Female,25.195.216.213
511,Gabbi,D'Alwis,gdalwise6@chron.com,Female,14.11.211.169
512,Marcellus,Cometson,mcometsone7@abc.net.au,Male,251.114.195.178
513,Noe,Donoher,ndonohere8@salon.com,Male,222.56.69.72
514,Misha,Pittwood,mpittwoode9@imgur.com,Female,30.56.120.58
515,Ryley,Pletts,rplettsea@fc2.com,Male,121.147.169.31
516,Randie,McCathy,rmccathyeb@woothemes.com,Female,175.247.92.144
517,Sergei,Heinert,sheinertec@ucla.edu,Male,109.107.12.43
518,Alethea,Sleford,asleforded@naver.com,Female,30.239.200.163
519,Keriann,Jefferys,kjefferysee@fc2.com,Female,166.156.239.123
520,Kristo,Aspall,kaspallef@geocities.jp,Male,244.53.184.119
521,Zorana,Puig,zpuigeg@blogtalkradio.com,Female,60.191.233.198
522,Brendin,Nutton,bnuttoneh@blogtalkradio.com,Male,221.66.77.184
523,Veda,Abramamovh,vabramamovhei@forbes.com,Female,153.238.123.39
524,Rowan,McVanamy,rmcvanamyej@rambler.ru,Male,38.165.216.233
525,Leigh,Guiso,lguisoek@huffingtonpost.com,Female,151.12.55.4
526,Reade,Trusslove,rtrussloveel@spotify.com,Male,216.1.209.143
527,Hamlen,Erett,herettem@indiatimes.com,Male,246.175.191.182
528,Lexi,Stovin,lstovinen@wordpress.com,Female,26.82.248.150
529,Doralia,Cully,dcullyeo@cdbaby.com,Female,179.21.6.38
530,Ugo,Olsen,uolsenep@furl.net,Male,30.49.3.5
531,Eddy,Apedaile,eapedaileeq@bravesites.com,Female,146.72.222.108
532,Annabelle,Battye,abattyeer@reference.com,Female,217.205.139.187
533,Ciel,Hildrew,childrewes@tripod.com,Female,171.165.7.48
534,Joan,Godfray,jgodfrayet@biglobe.ne.jp,Female,125.122.51.90
535,Peirce,Prattin,pprattineu@multiply.com,Male,185.94.93.254
536,Lelia,Rew,lrewev@meetup.com,Female,187.138.100.45
537,Sheena,Berzons,sberzonsew@eventbrite.com,Female,47.188.232.193
538,Sherwynd,Hoodlass,shoodlassex@freewebs.com,Male,148.38.142.39
539,Dwain,Antognozzii,dantognozziiey@who.int,Male,196.157.128.153
540,Leah,Gration,lgrationez@linkedin.com,Female,62.100.70.125
541,Ronda,Pawlick,rpawlickf0@harvard.edu,Female,79.197.194.162
542,Tab,Heningam,theningamf1@ask.com,Male,38.2.218.125
543,Daria,Domleo,ddomleof2@bizjournals.com,Female,98.177.78.120
544,Truman,Baldetti,tbaldettif3@nydailynews.com,Male,170.89.86.176
545,Karel,Joel,kjoelf4@gmpg.org,Female,166.161.131.214
546,Dale,Kairns,dkairnsf5@vistaprint.com,Male,197.224.103.98
547,Halette,Tweddle,htweddlef6@utexas.edu,Female,27.140.128.2
548,Tait,Casseldine,tcasseldinef7@cmu.edu,Male,90.216.221.212
549,Artair,Delleschi,adelleschif8@nhs.uk,Male,22.248.196.207
550,Basil,Isselee,bisseleef9@parallels.com,Male,76.135.151.211
551,Mattheus,Rookeby,mrookebyfa@devhub.com,Male,250.53.78.103
552,Lauryn,Nuth,lnuthfb@storify.com,Female,149.204.55.238
553,Sherline,Tuberfield,stuberfieldfc@infoseek.co.jp,Female,66.140.55.178
554,Emilie,Jowsey,ejowseyfd@imgur.com,Female,144.184.59.158
555,Zelig,Marklin,zmarklinfe@baidu.com,Male,37.133.174.207
556,Zola,Jeacock,zjeacockff@howstuffworks.com,Female,12.23.163.227
557,Kania,Haseman,khasemanfg@constantcontact.com,Female,1.49.73.95
558,Galvin,Ariss,garissfh@delicious.com,Male,225.119.191.123
559,Avram,Chiddy,achiddyfi@blogspot.com,Male,224.154.64.71
560,Kate,Kennelly,kkennellyfj@angelfire.com,Female,74.34.186.233
561,Brina,Pitrelli,bpitrellifk@phpbb.com,Female,193.177.129.178
562,Cherry,Letchmore,cletchmorefl@google.nl,Female,118.83.85.244
563,Gilli,Dougill,gdougillfm@scribd.com,Female,114.31.227.20
564,Ronnica,Beaushaw,rbeaushawfn@tripadvisor.com,Female,107.23.171.89
565,Ingeberg,Yeell,iyeellfo@slideshare.net,Female,50.221.108.241
566,Loren,Vigne,lvignefp@smugmug.com,Female,65.233.13.150
567,Jody,Danneil,jdanneilfq@elpais.com,Male,217.128.38.210
568,Leonidas,McCourt,lmccourtfr@ebay.com,Male,73.47.105.250
569,Alastair,Dohmer,adohmerfs@virginia.edu,Male,177.107.88.65
570,Ulrica,Roome,uroomeft@wikispaces.com,Female,46.214.137.27
571,Krystal,Kellett,kkellettfu@goo.ne.jp,Female,23.122.66.197
572,Maria,Jarry,mjarryfv@paypal.com,Female,215.57.70.115
573,Twyla,Grouen,tgrouenfw@amazon.de,Female,155.207.248.57
574,Giorgio,Shrubshall,gshrubshallfx@squidoo.com,Male,218.156.121.170
575,Gottfried,Martini,gmartinify@newyorker.com,Male,180.244.86.188
576,Yardley,Shepstone,yshepstonefz@un.org,Male,55.173.98.102
577,Magda,Northill,mnorthillg0@huffingtonpost.com,Female,236.140.207.188
578,Ewart,Collinge,ecollingeg1@gravatar.com,Male,224.22.38.157
579,Mikel,Chidler,mchidlerg2@ning.com,Male,110.180.56.53
580,Stanislaw,Zaple,szapleg3@feedburner.com,Male,78.90.28.203
581,Anselm,Tearle,atearleg4@skype.com,Male,122.61.8.24
582,Benn,Meharry,bmeharryg5@ocn.ne.jp,Male,125.179.208.28
583,Stillmann,Vayne,svayneg6@hugedomains.com,Male,9.85.70.162
584,Gilda,Giacobilio,ggiacobiliog7@rambler.ru,Female,167.206.109.65
585,Maressa,Leggott,mleggottg8@unesco.org,Female,38.129.21.111
586,Udall,Colman,ucolmang9@about.com,Male,123.13.73.48
587,Akim,Keogh,akeoghga@nbcnews.com,Male,180.119.35.243
588,Camille,Feye,cfeyegb@cdc.gov,Female,158.183.90.73
589,Romy,Huddy,rhuddygc@blinklist.com,Female,113.188.150.189
590,Skip,Wildor,swildorgd@desdev.cn,Male,25.175.215.47
591,Tabitha,Cordet,tcordetge@dion.ne.jp,Female,24.205.162.203
592,Maudie,Daine,mdainegf@altervista.org,Female,192.179.38.40
593,Stephanie,Maseyk,smaseykgg@toplist.cz,Female,152.205.143.149
594,Dom,Donizeau,ddonizeaugh@umich.edu,Male,116.15.138.39
595,Tiffanie,Mc Giffin,tmcgiffingi@redcross.org,Female,213.21.99.98
596,Corri,Ginni,cginnigj@nhs.uk,Female,202.188.149.205
597,Arlin,Dacre,adacregk@accuweather.com,Male,168.254.123.140
598,Elspeth,Greendale,egreendalegl@wikipedia.org,Female,233.235.97.137
599,Ken,Capstake,kcapstakegm@cnet.com,Male,160.69.150.98
600,Kellsie,Rossetti,krossettign@delicious.com,Female,42.159.232.187
601,Elise,Jillins,ejillinsgo@taobao.com,Female,144.21.146.249
602,Alma,Stiebler,astieblergp@a8.net,Female,147.136.76.176
603,Elisabet,Linggood,elinggoodgq@about.me,Female,186.251.208.244
604,Tibold,Woodroofe,twoodroofegr@macromedia.com,Male,108.207.68.39
605,Bob,Pipkin,bpipkings@tiny.cc,Male,105.195.58.178
606,Jedidiah,Gaunter,jgauntergt@omniture.com,Male,48.127.102.33
607,Julianna,Sussams,jsussamsgu@unicef.org,Female,172.40.155.109
608,Elston,Copperwaite,ecopperwaitegv@yahoo.co.jp,Male,165.49.4.176
609,Ede,Peirone,epeironegw@liveinternet.ru,Female,71.177.153.87
610,Yettie,Hallex,yhallexgx@tinyurl.com,Female,112.238.96.116
611,Mar,Oulett,moulettgy@is.gd,Male,62.198.251.194
612,Bonnibelle,Thorogood,bthorogoodgz@4shared.com,Female,111.134.113.97
613,Lion,Craigg,lcraiggh0@engadget.com,Male,11.172.223.202
614,Amy,Palfreman,apalfremanh1@mit.edu,Female,220.248.73.141
615,Nariko,O'Nowlan,nonowlanh2@stanford.edu,Female,225.245.229.231
616,Nobe,Doram,ndoramh3@scientificamerican.com,Male,182.120.108.15
617,Denise,Lambden,dlambdenh4@microsoft.com,Female,31.124.216.155
618,Colin,Cotesford,ccotesfordh5@gravatar.com,Male,136.132.188.250
619,Randi,Bromilow,rbromilowh6@independent.co.uk,Male,137.2.192.235
620,Stevie,Poser,sposerh7@ifeng.com,Male,126.185.128.139
621,Bernelle,Cham,bchamh8@latimes.com,Female,69.160.60.132
622,Katy,Compston,kcompstonh9@usatoday.com,Female,177.200.75.5
623,Scottie,Venable,svenableha@wp.com,Male,229.53.212.163
624,Alexander,Eade,aeadehb@google.com.au,Male,12.241.11.76
625,Marjorie,Llorente,mllorentehc@disqus.com,Female,148.94.63.246
626,Felizio,Frantsev,ffrantsevhd@youtube.com,Male,163.25.119.200
627,Amy,de Amaya,adeamayahe@livejournal.com,Female,88.40.246.54
628,Markos,Flowers,mflowershf@cbc.ca,Male,60.134.133.106
629,Vania,Whitcher,vwhitcherhg@tripod.com,Female,33.247.193.69
630,Pip,Spalls,pspallshh@google.ru,Male,52.104.170.167
631,Gerianna,Woodings,gwoodingshi@google.com.au,Female,86.203.175.143
632,Milton,Caslane,mcaslanehj@statcounter.com,Male,96.98.125.151
633,Monti,Johnys,mjohnyshk@devhub.com,Male,172.253.232.67
634,Cathe,Gower,cgowerhl@state.gov,Female,59.232.60.32
635,Leticia,Saurat,lsaurathm@eepurl.com,Female,43.175.246.133
636,Gwenore,Pregel,gpregelhn@auda.org.au,Female,130.82.20.8
637,Gearard,Milsom,gmilsomho@themeforest.net,Male,34.154.167.233
638,Tabbatha,Turfin,tturfinhp@biglobe.ne.jp,Female,235.74.240.129
639,Mora,Fyndon,mfyndonhq@reddit.com,Female,140.28.235.60
640,Nicko,Hinstock,nhinstockhr@plala.or.jp,Male,50.89.254.130
641,Christel,Farlham,cfarlhamhs@whitehouse.gov,Female,55.77.118.155
642,Teriann,de la Tremoille,tdelatremoilleht@live.com,Female,43.153.21.31
643,Sutton,Hoonahan,shoonahanhu@msu.edu,Male,136.179.144.129
644,Carry,Broxholme,cbroxholmehv@weather.com,Female,125.255.98.217
645,Livy,Bonnette,lbonnettehw@odnoklassniki.ru,Female,218.31.219.217
646,Benedetta,Killingworth,bkillingworthhx@jiathis.com,Female,245.212.175.253
647,Ashby,Sellor,asellorhy@merriam-webster.com,Male,30.158.1.102
648,Cleopatra,Dudek,cdudekhz@washingtonpost.com,Female,239.146.157.126
649,Kennie,Pavlenkov,kpavlenkovi0@bluehost.com,Male,141.23.118.143
650,Dee dee,Greedyer,dgreedyeri1@moonfruit.com,Female,33.188.116.218
651,Tanner,Botten,tbotteni2@nhs.uk,Male,65.11.59.2
652,Pietra,Gheraldi,pgheraldii3@state.gov,Female,96.147.134.110
653,Ryon,Guymer,rguymeri4@berkeley.edu,Male,235.19.161.126
654,Forster,Ick,ficki5@sogou.com,Male,223.26.2.86
655,Norrie,Lammas,nlammasi6@ameblo.jp,Female,234.93.181.213
656,Shaylyn,Marfe,smarfei7@barnesandnoble.com,Female,247.85.33.181
657,Gustav,Fawcett,gfawcetti8@artisteer.com,Male,2.79.37.19
658,Langsdon,Causbey,lcausbeyi9@ox.ac.uk,Male,152.66.227.251
659,Jody,Firmin,jfirminia@ucla.edu,Male,13.20.220.223
660,Rebekkah,Eytel,reytelib@reuters.com,Female,226.26.104.179
661,Lula,Snow,lsnowic@fastcompany.com,Female,236.167.5.59
662,Mercedes,Wheildon,mwheildonid@list-manage.com,Female,101.232.78.59
663,Gil,Wincer,gwincerie@canalblog.com,Male,94.15.164.63
664,Lizzie,Deverall,ldeverallif@yahoo.com,Female,122.165.207.158
665,Aimil,Kalderon,akalderonig@cargocollective.com,Female,181.182.144.160
666,Lucais,Jentges,ljentgesih@dion.ne.jp,Male,128.90.50.35
667,Reinaldos,Reiach,rreiachii@umn.edu,Male,193.215.242.178
668,Evaleen,Duignan,eduignanij@alibaba.com,Female,115.129.153.244
669,Kaye,Sterte,ksterteik@furl.net,Female,159.67.58.59
670,Elora,Palffrey,epalffreyil@ihg.com,Female,160.28.145.2
671,Melloney,Rate,mrateim@slashdot.org,Female,231.209.52.219
672,Clemmie,Sotheby,csothebyin@privacy.gov.au,Female,46.155.178.89
673,Tate,Currm,tcurrmio@wunderground.com,Female,96.185.126.192
674,Quintus,Camp,qcampip@qq.com,Male,198.224.134.233
675,Bev,Godlee,bgodleeiq@apple.com,Female,182.54.137.55
676,Jannel,Fishe,jfisheir@census.gov,Female,94.136.186.246
677,Benito,Hellsdon,bhellsdonis@google.co.jp,Male,91.198.133.233
678,Alfonse,Sebborn,asebbornit@mail.ru,Male,235.153.121.51
679,Brit,Pyrke,bpyrkeiu@google.cn,Male,249.91.153.247
680,Chad,Geall,cgealliv@umich.edu,Male,180.202.207.43
681,Crawford,Mee,cmeeiw@ebay.com,Male,181.203.73.1
682,Derwin,Naisby,dnaisbyix@craigslist.org,Male,10.197.248.15
683,Nat,Dutchburn,ndutchburniy@spotify.com,Female,5.185.212.105
684,Jeannine,Michael,jmichaeliz@linkedin.com,Female,159.28.253.181
685,Barbra,Mulbery,bmulberyj0@nsw.gov.au,Female,73.243.170.159
686,Rosabel,Sumption,rsumptionj1@weibo.com,Female,125.85.0.253
687,Patty,Pedrozzi,ppedrozzij2@thetimes.co.uk,Male,151.155.12.242
688,Hedi,Wye,hwyej3@uiuc.edu,Female,115.74.13.99
689,Edd,Van Velden,evanveldenj4@edublogs.org,Male,144.121.225.120
690,Pepito,Nice,pnicej5@sourceforge.net,Male,131.208.12.19
691,Amitie,Woodus,awoodusj6@yale.edu,Female,45.92.53.39
692,Jourdan,Fleury,jfleuryj7@miitbeian.gov.cn,Female,191.86.219.80
693,Alysia,Spurdle,aspurdlej8@nydailynews.com,Female,182.112.52.57
694,Alard,Applegate,aapplegatej9@sbwire.com,Male,78.120.35.221
695,Liuka,Lingner,llingnerja@blogger.com,Female,31.211.94.206
696,Jaime,Sarra,jsarrajb@pinterest.com,Male,107.54.165.24
697,Doroteya,Dufaire,ddufairejc@mozilla.org,Female,86.181.199.20
698,Itch,Coakley,icoakleyjd@marketwatch.com,Male,243.29.146.146
699,Gisela,Milton,gmiltonje@squarespace.com,Female,124.171.244.94
700,Stefania,Wash,swashjf@ucoz.com,Female,187.86.105.202
701,Antone,Geeraert,ageeraertjg@biglobe.ne.jp,Male,69.74.62.227
702,Calley,Jaeggi,cjaeggijh@posterous.com,Female,85.23.86.185
703,Ermengarde,Rowston,erowstonji@house.gov,Female,72.156.250.94
704,Jory,Procter,jprocterjj@skype.com,Male,218.35.144.188
705,Deloris,Peffer,dpefferjk@hud.gov,Female,189.119.165.2
706,Talia,Guiraud,tguiraudjl@sbwire.com,Female,207.107.241.141
707,Jonell,Josefsen,jjosefsenjm@devhub.com,Female,124.213.177.66
708,Nicola,McCart,nmccartjn@pagesperso-orange.fr,Male,195.73.164.69
709,Lisa,Sumers,lsumersjo@drupal.org,Female,195.75.44.177
710,Quill,Anten,qantenjp@newsvine.com,Male,168.230.190.63
711,Elsa,Korneichuk,ekorneichukjq@ameblo.jp,Female,35.157.22.203
712,Ilka,Kaming,ikamingjr@topsy.com,Female,16.106.47.212
713,Barde,Buffham,bbuffhamjs@loc.gov,Male,110.138.204.107
714,Adams,Hilbourne,ahilbournejt@scribd.com,Male,13.13.88.143
715,Titus,Dukelow,tdukelowju@amazon.co.uk,Male,175.212.158.194
716,Sander,Cacacie,scacaciejv@mtv.com,Male,120.64.46.57
717,Cyndie,Wildor,cwildorjw@sun.com,Female,168.225.77.45
718,Christian,Alcide,calcidejx@bloglines.com,Male,101.18.181.92
719,Marcello,Hastie,mhastiejy@va.gov,Male,42.234.24.237
720,Hi,Gorriessen,hgorriessenjz@yahoo.co.jp,Male,53.26.7.1
721,Asher,Thoms,athomsk0@ameblo.jp,Male,146.124.222.192
722,Delora,Kitto,dkittok1@auda.org.au,Female,67.198.13.37
723,Quinta,Almeida,qalmeidak2@wikia.com,Female,1.183.98.170
724,Xylina,Laxton,xlaxtonk3@ovh.net,Female,33.251.88.228
725,Geri,Salerno,gsalernok4@japanpost.jp,Male,54.216.234.81
726,Sibilla,Marrington,smarringtonk5@biblegateway.com,Female,105.12.32.198
727,Kip,Penylton,kpenyltonk6@example.com,Male,235.52.143.27
728,Camile,Attle,cattlek7@cornell.edu,Female,151.236.46.254
729,Anatol,Stirrup,astirrupk8@meetup.com,Male,163.117.145.142
730,Jerrilee,Pitblado,jpitbladok9@princeton.edu,Female,163.82.169.99
731,Lynnea,Ponceford,lponcefordka@nydailynews.com,Female,51.135.17.181
732,Wash,Winterbourne,wwinterbournekb@redcross.org,Male,68.122.240.223
733,Ryley,Phelp,rphelpkc@twitter.com,Male,118.10.66.78
734,Niki,Bryan,nbryankd@jalbum.net,Female,56.109.6.96
735,Reynard,Berrisford,rberrisfordke@cbslocal.com,Male,252.109.247.125
736,Berna,Hallatt,bhallattkf@shareasale.com,Female,7.129.147.77
737,Harry,Stoite,hstoitekg@wikia.com,Male,216.65.97.225
738,Zane,Simounet,zsimounetkh@over-blog.com,Male,6.7.1.217
739,Costanza,Campany,ccampanyki@zdnet.com,Female,160.162.244.155
740,Angelico,Barti,abartikj@nytimes.com,Male,230.204.181.255
741,Will,Flay,wflaykk@unesco.org,Male,196.76.29.52
742,Batholomew,Aron,baronkl@weather.com,Male,250.88.182.109
743,Reid,Pavy,rpavykm@cloudflare.com,Male,54.75.153.131
744,Cad,Batteson,cbattesonkn@narod.ru,Male,145.34.139.98
745,Min,Marunchak,mmarunchakko@flickr.com,Female,196.211.117.6
746,Jenelle,Mauditt,jmaudittkp@technorati.com,Female,59.152.48.202
747,Burnard,Westgate,bwestgatekq@feedburner.com,Male,252.117.254.238
748,Adelice,Durgan,adurgankr@psu.edu,Female,197.81.180.246
749,Gwenette,Fosse,gfosseks@com.com,Female,239.61.212.132
750,Bary,Nevill,bnevillkt@telegraph.co.uk,Male,217.54.183.152
751,Clarette,Takkos,ctakkosku@comsenz.com,Female,36.122.69.238
752,Yancey,Holtaway,yholtawaykv@gravatar.com,Male,117.111.14.104
753,Alvy,Moggie,amoggiekw@vimeo.com,Male,232.165.107.134
754,Bennie,Crosdill,bcrosdillkx@delicious.com,Female,108.208.87.237
755,Karoly,Dummigan,kdummiganky@yelp.com,Female,6.216.129.30
756,Charlot,holmes,cholmeskz@ftc.gov,Female,38.139.221.148
757,Harley,Proud,hproudl0@mashable.com,Female,149.49.212.78
758,Bartolomeo,Ferrand,bferrandl1@hibu.com,Male,41.213.104.68
759,Ursa,Coviello,ucoviellol2@tamu.edu,Female,58.113.37.190
760,Adelle,Dank,adankl3@reuters.com,Female,43.116.208.250
761,Ellie,Tollmache,etollmachel4@mapy.cz,Female,248.113.93.248
762,Chantal,Qusklay,cqusklayl5@wsj.com,Female,205.42.212.149
763,Ivett,Whittaker,iwhittakerl6@hostgator.com,Female,128.157.239.91
764,Garwin,Blazewicz,gblazewiczl7@youtube.com,Male,146.21.36.214
765,Korey,McElrath,kmcelrathl8@fc2.com,Male,47.221.119.98
766,Valdemar,Sebring,vsebringl9@mysql.com,Male,13.121.211.7
767,Consalve,Georgiev,cgeorgievla@exblog.jp,Male,194.62.177.113
768,Kurtis,Verity,kveritylb@canalblog.com,Male,13.30.29.248
769,Brody,Bedin,bbedinlc@msu.edu,Male,239.110.63.163
770,Roderigo,Pitt,rpittld@360.cn,Male,13.127.238.113
771,Carlyn,Light,clightle@prnewswire.com,Female,0.39.231.27
772,Hedda,Clewley,hclewleylf@mit.edu,Female,86.1.220.228
773,Jillie,Wistance,jwistancelg@godaddy.com,Female,165.167.140.108
774,Gerri,Kitchingham,gkitchinghamlh@theatlantic.com,Female,175.154.93.249
775,Briana,Esch,beschli@admin.ch,Female,253.92.40.229
776,Reggi,Canwell,rcanwelllj@privacy.gov.au,Female,209.95.62.247
777,Laina,Croasdale,lcroasdalelk@adobe.com,Female,164.234.102.10
778,Ardath,Lowre,alowrell@samsung.com,Female,181.195.111.233
779,Drucill,Balme,dbalmelm@rediff.com,Female,143.214.30.169
780,Lukas,Pardon,lpardonln@java.com,Male,218.146.118.211
781,Gawain,Davidovsky,gdavidovskylo@friendfeed.com,Male,126.229.200.25
782,Jordana,Loughney,jloughneylp@boston.com,Female,123.125.89.241
783,Normie,Niesegen,nniesegenlq@jimdo.com,Male,152.234.34.153
784,Dud,Maffia,dmaffialr@bbc.co.uk,Male,47.152.221.49
785,Prudi,Huffy,phuffyls@abc.net.au,Female,234.126.196.119
786,Grantley,Marquez,gmarquezlt@walmart.com,Male,220.12.11.18
787,Ami,Brameld,abrameldlu@reference.com,Female,54.45.161.55
788,Teresita,Lyven,tlyvenlv@deviantart.com,Female,171.133.89.99
789,Jasmina,Colombier,jcolombierlw@telegraph.co.uk,Female,53.67.54.69
790,Simmonds,Baitman,sbaitmanlx@angelfire.com,Male,49.138.191.168
791,Mendel,Crow,mcrowly@amazon.com,Male,2.240.194.249
792,Johnette,Tumasian,jtumasianlz@amazon.de,Female,58.118.79.38
793,Yehudit,Culligan,yculliganm0@cornell.edu,Male,96.106.71.179
794,Yolane,Rowen,yrowenm1@istockphoto.com,Female,28.141.249.238
795,Clare,Sharpling,csharplingm2@home.pl,Male,146.152.213.144
796,Darcy,Style,dstylem3@google.co.uk,Female,11.82.99.144
797,Delaney,Rowat,drowatm4@desdev.cn,Male,151.86.203.67
798,Urban,Scurrah,uscurrahm5@jalbum.net,Male,110.47.78.237
799,Devi,Chater,dchaterm6@goodreads.com,Female,17.232.65.125
800,Winnah,Battaille,wbattaillem7@simplemachines.org,Female,203.38.142.206
801,Cookie,Lillyman,clillymanm8@cafepress.com,Female,8.72.186.205
802,Sonnnie,MacDonogh,smacdonoghm9@privacy.gov.au,Female,131.117.44.236
803,Mordy,MacKowle,mmackowlema@intel.com,Male,139.128.96.180
804,Aurthur,Noraway,anorawaymb@auda.org.au,Male,195.98.177.188
805,Anders,Sibbe,asibbemc@phpbb.com,Male,254.99.166.0
806,Jan,Neathway,jneathwaymd@angelfire.com,Male,17.29.219.224
807,Ransell,Harsum,rharsumme@pagesperso-orange.fr,Male,193.3.223.66
808,Kellby,Whitton,kwhittonmf@delicious.com,Male,35.148.186.131
809,Dorian,Fitt,dfittmg@networkadvertising.org,Female,254.68.166.83
810,Consuela,Beeswing,cbeeswingmh@photobucket.com,Female,62.172.169.171
811,Minna,McBeath,mmcbeathmi@theglobeandmail.com,Female,155.160.125.135
812,Jeanelle,Fordham,jfordhammj@google.com.au,Female,205.5.230.143
813,Gabey,Swaite,gswaitemk@typepad.com,Female,1.66.72.116
814,Myer,Cridland,mcridlandml@123-reg.co.uk,Male,86.230.97.37
815,Malvina,Tink,mtinkmm@wired.com,Female,212.46.51.152
816,Haskel,Wedlock,hwedlockmn@delicious.com,Male,91.122.29.121
817,El,Pettiford,epettifordmo@amazon.co.uk,Male,14.19.188.113
818,Helge,Holyland,hholylandmp@prweb.com,Female,50.57.4.100
819,Linc,Axworthy,laxworthymq@51.la,Male,79.153.212.202
820,Blinnie,Domeny,bdomenymr@dot.gov,Female,123.239.205.55
821,Aldric,Ewer,aewerms@buzzfeed.com,Male,157.231.72.95
822,Herc,Dwyr,hdwyrmt@unesco.org,Male,85.241.101.77
823,Quincy,Fotitt,qfotittmu@google.ca,Male,247.224.218.210
824,Gay,Thay,gthaymv@seesaa.net,Female,185.81.184.162
825,Guntar,Paternoster,gpaternostermw@chron.com,Male,80.34.244.145
826,Hubert,Cowsby,hcowsbymx@nature.com,Male,161.151.193.58
827,Fleming,Noods,fnoodsmy@washingtonpost.com,Male,6.212.182.155
828,Bjorn,Blackham,bblackhammz@wsj.com,Male,131.171.104.214
829,Aeriell,Rickett,arickettn0@google.com.br,Female,191.210.99.251
830,Tori,Ingall,tingalln1@delicious.com,Female,95.1.155.13
831,Rem,Izzard,rizzardn2@jalbum.net,Male,180.81.46.122
832,Norrie,Moulson,nmoulsonn3@netvibes.com,Male,170.207.237.86
833,Mady,Wane,mwanen4@comcast.net,Female,86.183.95.94
834,Wilmette,Medland,wmedlandn5@studiopress.com,Female,61.88.77.127
835,Ragnar,Coupman,rcoupmann6@e-recht24.de,Male,39.41.162.150
836,Donaugh,Seago,dseagon7@slashdot.org,Male,135.69.6.127
837,Natividad,Leverage,nleveragen8@google.com.hk,Female,154.202.137.210
838,Loreen,Lidden,lliddenn9@omniture.com,Female,231.185.129.53
839,Joell,Kettell,jkettellna@tumblr.com,Female,252.214.75.179
840,Wiatt,Sidry,wsidrynb@ask.com,Male,56.21.47.223
841,Jacki,Asquez,jasqueznc@e-recht24.de,Female,126.15.27.67
842,Izaak,Shafier,ishafiernd@moonfruit.com,Male,107.90.89.80
843,Elise,Offer,eofferne@chicagotribune.com,Female,254.123.195.113
844,Zitella,Kyngdon,zkyngdonnf@umn.edu,Female,253.132.137.224
845,Adrea,Ivanyushin,aivanyushinng@ox.ac.uk,Female,221.81.83.237
846,Leon,Gerardin,lgerardinnh@toplist.cz,Male,211.202.27.230
847,Rozalin,Oguz,roguzni@goodreads.com,Female,45.54.144.94
848,Nevin,Ismail,nismailnj@jiathis.com,Male,150.150.221.12
849,Dino,Syratt,dsyrattnk@who.int,Male,151.45.218.125
850,Rutledge,Offord,roffordnl@indiatimes.com,Male,19.254.156.205
851,Callean,Alti,caltinm@meetup.com,Male,30.130.209.37
852,Lian,Dightham,ldighthamnn@list-manage.com,Female,189.248.14.156
853,Staffard,Woollard,swoollardno@samsung.com,Male,126.129.33.238
854,Hastings,Lashmar,hlashmarnp@shinystat.com,Male,246.67.228.32
855,Shalne,Hulkes,shulkesnq@wp.com,Female,142.123.77.73
856,Ted,Habbeshaw,thabbeshawnr@pagesperso-orange.fr,Female,51.226.46.88
857,Deloria,Aslen,daslenns@usda.gov,Female,211.26.226.184
858,Clemmy,Sima,csimant@ameblo.jp,Male,220.238.209.73
859,Florinda,Skains,fskainsnu@skyrock.com,Female,181.167.53.148
860,Salomone,Newberry,snewberrynv@pinterest.com,Male,189.29.237.84
861,Vickie,McNirlan,vmcnirlannw@shutterfly.com,Female,70.208.71.148
862,Nevins,Corner,ncornernx@t-online.de,Male,246.22.101.71
863,Mommy,O'Neill,moneillny@smh.com.au,Female,188.43.158.79
864,Lucas,Leschelle,lleschellenz@amazon.de,Male,178.146.71.183
865,Nikita,Kalinovich,nkalinovicho0@google.nl,Male,135.53.191.144
866,Ewen,Hadrill,ehadrillo1@zdnet.com,Male,69.187.179.179
867,Patsy,Donnell,pdonnello2@simplemachines.org,Male,233.186.65.229
868,Richardo,Esposita,respositao3@barnesandnoble.com,Male,106.176.223.11
869,Ester,Cartin,ecartino4@latimes.com,Female,97.217.141.91
870,Roseline,Bolduc,rbolduco5@cocolog-nifty.com,Female,116.220.201.128
871,Suzi,Craigs,scraigso6@whitehouse.gov,Female,253.88.174.127
872,Kissie,Holbie,kholbieo7@time.com,Female,232.154.43.88
873,Joannes,Tomes,jtomeso8@barnesandnoble.com,Female,57.46.223.220
874,Adler,Loy,aloyo9@economist.com,Male,237.242.227.40
875,Brana,Claeskens,bclaeskensoa@twitter.com,Female,117.108.203.238
876,Cinderella,Jamblin,cjamblinob@cbc.ca,Female,196.25.44.62
877,Alia,Ortega,aortegaoc@about.com,Female,140.29.123.50
878,Brady,Verralls,bverrallsod@loc.gov,Male,201.79.219.243
879,Milton,Delahunty,mdelahuntyoe@spotify.com,Male,22.193.250.177
880,Isaac,Sansom,isansomof@msu.edu,Male,193.116.68.68
881,Augustus,Hampstead,ahampsteadog@umn.edu,Male,9.112.247.254
882,Derick,Valentetti,dvalentettioh@vistaprint.com,Male,119.121.73.2
883,Giustina,Bonnar,gbonnaroi@gov.uk,Female,151.161.35.107
884,Kennie,Tiffin,ktiffinoj@mozilla.org,Male,15.88.207.246
885,Valerie,Schrei,vschreiok@google.cn,Female,125.63.73.120
886,Kane,Jorn,kjornol@senate.gov,Male,161.67.41.31
887,Kingston,Roberti,krobertiom@paginegialle.it,Male,148.63.229.70
888,Averill,Knyvett,aknyvetton@nih.gov,Male,213.237.227.125
889,Katuscha,Anthill,kanthilloo@amazon.de,Female,11.58.67.10
890,Adolf,Skurm,askurmop@fda.gov,Male,79.122.209.66
891,Austen,Tale,ataleoq@feedburner.com,Male,8.132.228.233
892,Ches,Finder,cfinderor@bravesites.com,Male,89.101.228.181
893,Beaufort,Sheehan,bsheehanos@weather.com,Male,169.106.165.65
894,Jacenta,Kennewell,jkennewellot@squidoo.com,Female,112.20.73.231
895,Shaw,Boncoeur,sboncoeurou@deviantart.com,Male,171.4.224.124
896,Beckie,Morby,bmorbyov@alexa.com,Female,158.143.49.217
897,Dynah,Hunnicutt,dhunnicuttow@oracle.com,Female,181.106.74.155
898,Myer,De Moreno,mdemorenoox@dell.com,Male,21.53.108.235
899,Donna,Poskitt,dposkittoy@npr.org,Female,217.50.19.231
900,Dave,McLeary,dmclearyoz@independent.co.uk,Male,62.185.234.103
901,Paulina,Grimsdith,pgrimsdithp0@php.net,Female,135.224.134.172
902,Brittaney,Rizzardo,brizzardop1@virginia.edu,Female,42.249.80.36
903,Alyosha,Reck,areckp2@japanpost.jp,Male,96.20.5.12
904,Alisun,Jaggers,ajaggersp3@tumblr.com,Female,159.135.139.162
905,Skipton,Topp,stoppp4@craigslist.org,Male,102.38.83.167
906,Nadean,Boustred,nboustredp5@newsvine.com,Female,241.146.197.115
907,Garwin,Fedorchenko,gfedorchenkop6@kickstarter.com,Male,42.151.161.35
908,Verena,Cavee,vcaveep7@rambler.ru,Female,156.114.1.124
909,Brady,Clyne,bclynep8@mozilla.com,Male,140.153.183.208
910,Garrard,Ambrus,gambrusp9@mtv.com,Male,206.164.250.44
911,Calvin,Triggel,ctriggelpa@ibm.com,Male,22.99.235.160
912,Babbette,Boeck,bboeckpb@parallels.com,Female,242.122.1.63
913,Ellwood,Witson,ewitsonpc@opensource.org,Male,42.32.119.216
914,Cathi,Poltun,cpoltunpd@g.co,Female,3.197.101.169
915,Bertram,Matfin,bmatfinpe@toplist.cz,Male,45.111.224.35
916,Corbett,Sneath,csneathpf@infoseek.co.jp,Male,91.133.235.74
917,Guss,Fligg,gfliggpg@eventbrite.com,Male,121.40.92.16
918,Brock,Fenner,bfennerph@rakuten.co.jp,Male,14.161.225.34
919,Keen,Morrowe,kmorrowepi@usatoday.com,Male,163.109.170.162
920,Patrice,Rudloff,prudloffpj@unc.edu,Male,15.81.115.51
921,Bellina,Clardge,bclardgepk@about.com,Female,75.26.80.175
922,Debbie,O'Crotty,docrottypl@nps.gov,Female,24.92.38.25
923,Kahlil,Rowson,krowsonpm@ustream.tv,Male,132.101.111.23
924,Donnell,Grimsley,dgrimsleypn@goo.gl,Male,89.179.133.111
925,Binny,Biaggioli,bbiaggiolipo@reference.com,Female,92.182.183.178
926,Walliw,Stoakley,wstoakleypp@google.com.au,Female,165.244.142.167
927,Erasmus,Scougall,escougallpq@wix.com,Male,82.182.2.82
928,Austen,Easeman,aeasemanpr@xing.com,Male,7.121.109.67
929,Lucila,Cuckson,lcucksonps@csmonitor.com,Female,47.254.215.50
930,Faun,Chettle,fchettlept@woothemes.com,Female,156.37.213.2
931,Randall,Oaten,roatenpu@youtube.com,Male,140.176.31.244
932,Morgan,Teasell,mteasellpv@barnesandnoble.com,Female,82.217.91.176
933,Fidole,Lillgard,flillgardpw@over-blog.com,Male,163.172.61.146
934,Reinhold,Wilshaw,rwilshawpx@eventbrite.com,Male,9.151.39.46
935,Kelley,Lethardy,klethardypy@wikispaces.com,Male,119.249.172.162
936,Murdock,Bea,mbeapz@123-reg.co.uk,Male,69.135.168.90
937,Diahann,Boustead,dbousteadq0@usa.gov,Female,214.207.46.62
938,Hally,Gunbie,hgunbieq1@hao123.com,Female,138.201.35.177
939,Giovanna,Ballchin,gballchinq2@who.int,Female,189.222.197.117
940,Tris,Rough,troughq3@loc.gov,Male,28.171.227.182
941,Gearalt,Maylott,gmaylottq4@wiley.com,Male,164.249.193.153
942,Jerrylee,Domenicone,jdomeniconeq5@scribd.com,Female,71.140.222.43
943,Sherlocke,Andersch,sanderschq6@desdev.cn,Male,248.176.22.108
944,Errick,Eller,eellerq7@nyu.edu,Male,66.146.249.237
945,Griz,Cleveland,gclevelandq8@constantcontact.com,Male,181.163.153.121
946,Knox,Doby,kdobyq9@jugem.jp,Male,175.223.18.118
947,Nancee,Goundsy,ngoundsyqa@ed.gov,Female,72.157.25.11
948,Stormi,Hatchman,shatchmanqb@is.gd,Female,164.7.214.189
949,Benjamin,Hynde,bhyndeqc@vistaprint.com,Male,49.91.2.206
950,Mick,Jedrzejczyk,mjedrzejczykqd@bbc.co.uk,Male,32.81.254.177
951,Liza,Masters,lmastersqe@ibm.com,Female,164.195.189.86
952,Debra,Cristofanini,dcristofaniniqf@1688.com,Female,1.130.148.112
953,Dolph,Hixley,dhixleyqg@issuu.com,Male,47.40.78.65
954,Sadie,Olivi,soliviqh@netscape.com,Female,213.163.165.198
955,Ellie,Cunah,ecunahqi@multiply.com,Female,121.88.80.228
956,Grissel,Kearns,gkearnsqj@tripod.com,Female,228.181.221.142
957,Port,Abdee,pabdeeqk@ted.com,Male,241.253.72.115
958,Jilleen,Stovold,jstovoldql@canalblog.com,Female,162.241.128.245
959,Adelaida,Gilchrist,agilchristqm@illinois.edu,Female,10.173.144.242
960,Dudley,Semor,dsemorqn@chronoengine.com,Male,108.23.215.114
961,Maddy,Wattinham,mwattinhamqo@studiopress.com,Male,168.201.240.241
962,Erica,Fewless,efewlessqp@unicef.org,Female,127.162.185.228
963,Eddy,Yitzhakov,eyitzhakovqq@amazonaws.com,Female,143.143.162.157
964,Elvera,Weir,eweirqr@theatlantic.com,Female,71.150.95.45
965,Mona,Pemble,mpembleqs@shop-pro.jp,Female,226.71.121.91
966,Catherine,Dwelly,cdwellyqt@bloglines.com,Female,241.90.122.151
967,Jolee,Cammacke,jcammackequ@nsw.gov.au,Female,100.210.208.112
968,Michel,Belmont,mbelmontqv@scientificamerican.com,Female,204.153.83.2
969,Brooke,Arnaudon,barnaudonqw@twitpic.com,Male,245.10.143.172
970,Torrance,Leger,tlegerqx@businessinsider.com,Male,132.156.191.200
971,Barnaby,MacGiolla,bmacgiollaqy@cargocollective.com,Male,115.53.104.5
972,Fernande,Dobel,fdobelqz@shareasale.com,Female,102.17.227.130
973,Jordan,Strange,jstranger0@dell.com,Male,215.145.251.100
974,Jeromy,Schaben,jschabenr1@comsenz.com,Male,33.12.72.239
975,Adelice,Eggle,aeggler2@mediafire.com,Female,66.87.233.17
976,Lee,Plummer,lplummerr3@yellowbook.com,Female,167.100.15.140
977,Mommy,Rean,mreanr4@timesonline.co.uk,Female,117.147.42.248
978,Jock,Carcass,jcarcassr5@answers.com,Male,11.113.203.199
979,Katleen,Thewys,kthewysr6@goodreads.com,Female,65.54.37.113
980,Garald,Helliker,ghellikerr7@people.com.cn,Male,71.19.228.203
981,Haywood,Caddy,hcaddyr8@theglobeandmail.com,Male,150.78.240.95
982,Sarene,Engley,sengleyr9@hud.gov,Female,203.27.73.54
983,Ariel,Budget,abudgetra@auda.org.au,Male,189.174.74.143
984,Linc,Raithmill,lraithmillrb@ted.com,Male,129.29.101.164
985,Renado,Waldren,rwaldrenrc@google.es,Male,216.43.114.159
986,Lark,Fairbrass,lfairbrassrd@joomla.org,Female,221.59.41.178
987,Ulric,Bloy,ubloyre@xinhuanet.com,Male,172.128.89.79
988,Jesus,Kildahl,jkildahlrf@scientificamerican.com,Male,197.138.201.103
989,Cynthea,Giacovazzo,cgiacovazzorg@t-online.de,Female,236.62.240.209
990,Gare,Druhan,gdruhanrh@github.com,Male,242.227.0.230
991,Matthus,Mityushin,mmityushinri@amazon.co.uk,Male,194.225.106.109
992,Davy,Redihalgh,dredihalghrj@rambler.ru,Male,235.196.152.124
993,Stewart,Ivanin,sivaninrk@netlog.com,Male,110.8.29.124
994,Carmine,Yurevich,cyurevichrl@digg.com,Female,28.119.152.166
995,Burr,Blowin,bblowinrm@yolasite.com,Male,235.57.105.79
996,Gerri,Druhan,gdruhanrn@weebly.com,Female,184.2.221.42
997,Horacio,Grimwood,hgrimwoodro@sciencedaily.com,Male,195.212.199.30
998,Eben,Geaveny,egeavenyrp@salon.com,Male,75.28.142.246
999,Yanaton,Sebastian,ysebastianrq@php.net,Male,19.15.30.213
1000,Murial,Lessmare,mlessmarerr@fastcompany.com,Female,158.235.184.42
